title,rating,similarity
Hitch,3.4,66.66666865348820
Waitress,3.4,66.29629731178280
"Definitely, Maybe",3.5,65.711110830307
Bend It Like Beckham,3.2,65.31111001968380
The Women,3,64.5111083984375
L'ultimo bacio,3.8,64.32592868804930
Walking and Talking,3.6,64.20000195503240
French Kiss,3.2,64.01481628417970
The Naked Gun: From the Files of Police Squad!,3.2,62.71851658821110
Yin shi nan nu,4,62.22962737083440
Execution time 16s 282ms,,